strain,mean_yfp,mean_rfp,mean_ratio,se_ratio,insert_sequence,kozak_region
schp674,1270,20316,0.561,0.004,10×AAG,CAAA
schp675,3687,20438,1.621,0.036,10×AAG,CCGC
schp676,2657,20223,1.177,0.048,10×AAG,CCAA
schp677,3967,20604,1.728,0.03,10×AAG,CCAC
schp678,4378,20630,1.906,0.01,10×AAG,CCGA
schp679,2528,19906,1.149,0.056,10×AAG,CTGC
schp680,1117,19377,0.519,0.01,10×AAG,AAAA
schp681,3705,20227,1.645,0.021,10×AAG,ACGC
schp683,9365,23866,3.522,0.11,10×AGA,CAAA
schp684,3294,20585,1.437,0.021,10×AGA,CCGC
schp685,7379,22956,2.893,0.05,10×AGA,CCAA
schp686,5000,21171,2.121,0.023,10×AGA,CCAC
schp687,4658,20860,2.004,0.021,10×AGA,CCGA
schp688,1748,20754,0.755,0.066,10×AGA,CTGC
schp689,8693,22649,3.424,0.125,10×AGA,AAAA
schp690,3535,20593,1.541,0.018,10×AGA,ACGC
